time,c_left,c_top
0,1.4429617879643,-0.3972011851523
1,0.4362159517608,-0.47655979097359
2,0.47277009613498,-0.60424538218371
3,0.50044164037727,-0.69401590127166
4,0.45695540185128,-0.70645948727713
5,0.33551325592078,-0.55525254325809

