time,c_left,c_top
0,0.028983391730895,-0.30622830596112
1,1.1293449144519,-1.2589218656285
2,1.9848778900461,-1.5362388856091
3,3.1227009935161,-1.9310387526673
4,4.669203178193,-2.3805304092536
5,6.5410506865246,-2.7543237309802
6,8.3874346602636,-2.8644827147908
7,9.7901285138128,-2.6428175094982
8,10.569382848718,-2.2449775446095

